-- MySQL Script generated by MySQL Workbench
-- Thu Oct 24 09:36:37 2019
-- Model: New Model    Version: 1.0
-- MySQL Workbench Forward Engineering

SET @OLD_UNIQUE_CHECKS=@@UNIQUE_CHECKS, UNIQUE_CHECKS=0;
SET @OLD_FOREIGN_KEY_CHECKS=@@FOREIGN_KEY_CHECKS, FOREIGN_KEY_CHECKS=0;
SET @OLD_SQL_MODE=@@SQL_MODE, SQL_MODE='ONLY_FULL_GROUP_BY,STRICT_TRANS_TABLES,NO_ZERO_IN_DATE,NO_ZERO_DATE,ERROR_FOR_DIVISION_BY_ZERO,NO_ENGINE_SUBSTITUTION';

-- -----------------------------------------------------
-- Schema rozetka
-- -----------------------------------------------------

-- -----------------------------------------------------
-- Schema rozetka
-- -----------------------------------------------------
CREATE SCHEMA IF NOT EXISTS `rozetka` DEFAULT CHARACTER SET utf8 ;
USE `rozetka` ;

-- -----------------------------------------------------
-- Table `rozetka`.`Сategory`
-- -----------------------------------------------------
CREATE TABLE IF NOT EXISTS `rozetka`.`Сategory` (
  `id` INT NOT NULL,
  `name` VARCHAR(45) NOT NULL,
  `description` VARCHAR(45) NULL,
  PRIMARY KEY (`id`))
ENGINE = InnoDB;

insert into Сategory values(1,"Notebooks&PC",""),
(2,"Mobile phones&Electronics",""),
(3,"Clothes",""),
(4,"Food",""),
(5,"Sport equipment",""),
(6,"Plumbing equipment",""),
(7,"Toys",""),
(8,"Alcohol",""),
(9,"Household equipment",""),
(10,"Garden equipment","");

-- -----------------------------------------------------
-- Table `rozetka`.`Laptop`
-- -----------------------------------------------------
CREATE TABLE IF NOT EXISTS `rozetka`.`Laptop` (
  `bar_code` INT(4) NOT NULL,
  `name` VARCHAR(45) NOT NULL,
  `model` VARCHAR(45) NOT NULL,
  `speed` SMALLINT NOT NULL,
  `ram` SMALLINT NOT NULL,
  `price` DECIMAL(10,2) NOT NULL,
  `screen` TINYINT NOT NULL,
  PRIMARY KEY (`bar_code`))
ENGINE = InnoDB;


-- -----------------------------------------------------
-- Table `rozetka`.`Toy`
-- -----------------------------------------------------
CREATE TABLE IF NOT EXISTS `rozetka`.`Toy` (
  `bar_code` INT(4) NOT NULL,
  `name` VARCHAR(45) NOT NULL,
  `color` VARCHAR(20) NOT NULL,
  `price` DECIMAL(10,2) NOT NULL,
  PRIMARY KEY (`bar_code`))
ENGINE = InnoDB;


-- -----------------------------------------------------
-- Table `rozetka`.`Product`
-- -----------------------------------------------------
CREATE TABLE IF NOT EXISTS `rozetka`.`Product` (
  `id` INT NOT NULL,
  `bar_code` INT(4) NOT NULL,
  `category_id` INT NOT NULL,
  `production` VARCHAR(45) NOT NULL,
  PRIMARY KEY (`id`),
  INDEX `fk_Product_Product_type1_idx` (`category_id` ASC) VISIBLE,
  CONSTRAINT `fk_Product_Product_type1`
    FOREIGN KEY (`category_id`)
    REFERENCES `rozetka`.`Сategory` (`id`)
    ON DELETE NO ACTION
    ON UPDATE NO ACTION,
  CONSTRAINT `fk_Product_has_category_Laptop1`
    FOREIGN KEY (`bar_code`)
    REFERENCES `rozetka`.`Laptop` (`bar_code`)
    ON DELETE NO ACTION
    ON UPDATE NO ACTION,
  CONSTRAINT `fk_Product_has_category_Toy1`
    FOREIGN KEY (`bar_code`)
    REFERENCES `rozetka`.`Toy` (`bar_code`)
    ON DELETE NO ACTION
    ON UPDATE NO ACTION)
ENGINE = InnoDB;

insert into Laptop values(4924,"Asus",'ROG Strix G531GT-BQ132',600,32,900,15),
(4932,"Acer",'Nitro 5 AN515-52-54KW',500,64,1000,15),
(4975,"Asus",'ROG Strix G531GT-BQ020',600,64,950,15),
(0934,"Levono",'IdeaPad 330-15ICH',600,8,650,15),
(0942,"Levono",'IdeaPad 330-15IKBR',450,16,450,15);

insert into Toy values(1234,"Bear Grisley","lightbrown",20),
(1243,"Lion King","yellow",15),
(1435,"King Shark","lightbrown",24),
(1342,"Monkey","brown",23),
(1490,"Solder X","black&blue",19),
(1530,"Batman","black",50),
(1679,"Superman","red&blue",34),
(1789,"Iron man","red&yellow",3000),
(1892,"Spiderman","red&blue",21),
(1943,"Dog","white",25),
(1032,"Iron first","green&yellow",13);

insert into product values(1,1234,7,"Lviv"),
(2,1342,7,"Lviv"),
(3,1789,7,"Ternopil"),
(4,1679,7,"Kyiv"),
(5,1032,7,"Vinitsya"),
(6,0942,1,"Lytsk"),
(7,0934,1,"Lviv"),
(8,4924,1,"Ternopil"),
(9,4932,1,"Lviv");

-- -----------------------------------------------------
-- Table `rozetka`.`User_password`
-- -----------------------------------------------------
CREATE TABLE IF NOT EXISTS `rozetka`.`User_password` (
  `id` INT NOT NULL,
  `password` VARCHAR(45) NOT NULL,
  PRIMARY KEY (`id`))
ENGINE = InnoDB;

insert into User_password values(1,"Hello12"),
(2,"admin"),
(3,"parol_04"),
(4,"password432"),
(5,"login"),
(6,"lithSnowThere"),
(7,"title123");


-- -----------------------------------------------------
-- Table `rozetka`.`User`
-- -----------------------------------------------------
CREATE TABLE IF NOT EXISTS `rozetka`.`User` (
  `id` INT NOT NULL AUTO_INCREMENT,
  `login` VARCHAR(45) NOT NULL,
  `Name` VARCHAR(45) NOT NULL,
  `Surname` VARCHAR(45) NOT NULL,
  `gender` VARCHAR(1) NULL,
  `email` VARCHAR(45) NOT NULL,
  `phone_number` VARCHAR(13) NOT NULL,
  `address` VARCHAR(45) NOT NULL,
  `User_password_id` INT NOT NULL,
  PRIMARY KEY (`id`),
  INDEX `fk_User_User_password1_idx` (`User_password_id` ASC) VISIBLE,
  CONSTRAINT `fk_User_User_password1`
    FOREIGN KEY (`User_password_id`)
    REFERENCES `rozetka`.`User_password` (`id`)
    ON DELETE NO ACTION
    ON UPDATE NO ACTION)
ENGINE = InnoDB;

insert into `User` values(1,"Dictor","Roman","Stepanenko","m","dictor@mail.com","+380638433982","Lviv, st.Banderu 12",1),
(2,"OpenAir","Rostyskav","Igorchyk","m","OpenAir@mail.com","+380638013452","Lviv, st.Vidktyta 1",2),
(3,"FreshTomato","Victor","Trohiv","m","FreshTomato@mail.com","+380668943342","Ternopil, st.Mazepu 3",3),
(4,"Paprika","Andrij","Seniv","m","Paprika@mail.com","+380948378344","Lviv, st.Banderu 19",4),
(5,"Orator","Oleg","Shostashov","m","Orator@mail.com","+380637813672","Lytsk, st.Olgu 17",5),
(6,"HQLY","Ivan","Tesko","m","HQLY@mail.com","+380637809432","Lviv, st.Schevchenka 144a",6),
(7,"Master","Oksana","Nakonechnuy","w","Master@mail.com","+380978422384","Odessa, st.Terlinga 12",7);
-- -----------------------------------------------------
-- Table `rozetka`.`Storage`
-- -----------------------------------------------------
CREATE TABLE IF NOT EXISTS `rozetka`.`Storage` (
  `id` INT NOT NULL,
  `name` VARCHAR(45) NOT NULL,
  `Address` TINYTEXT NOT NULL,
  PRIMARY KEY (`id`))
ENGINE = InnoDB;

insert into `Storage` values(1,"Ship 2", "Lviv st. Oleshivska 13a"),
(2,"Iceland 14", "lytsk st. Ruska 87"),
(3,"Ship 2", "Ternopil st. Vunnuschenka 140"),
(4,"Ship 2", "Lviv st. Open 10"),
(5,"Ship 2", "Ternopil st. Chaldaeva 21"),
(6,"Ship 2", "Ternopil st. Tisna 1b");

-- -----------------------------------------------------
-- Table `rozetka`.`Order_status`
-- -----------------------------------------------------
CREATE TABLE IF NOT EXISTS `rozetka`.`Order_status` (
  `id` INT NOT NULL AUTO_INCREMENT,
  `name` VARCHAR(45) NOT NULL,
  `description` VARCHAR(45) NULL,
  PRIMARY KEY (`id`))
ENGINE = InnoDB;

insert into Order_status values(1,"Pending",null),
(2,"On-hold",null),
(3,"Failed",null),
(4,"Processing",null),
(5,"Cancelled",null),
(6,"Completed",null);


-- -----------------------------------------------------
-- Table `rozetka`.`Payment`
-- -----------------------------------------------------
CREATE TABLE IF NOT EXISTS `rozetka`.`Payment` (
  `id` INT NOT NULL,
  `credit_card_number` BIGINT(16) NOT NULL,
  `details` VARCHAR(45) NULL,
  PRIMARY KEY (`id`))
ENGINE = InnoDB;

insert into Payment values(1,4356234523451982, "Student`s card"),
(2,5342230523453490, "Student`s card"),
(3,5378984709876782, "Universal card"),
(4,7890675412347831, "Gold card");


-- -----------------------------------------------------
-- Table `rozetka`.`Order`
-- -----------------------------------------------------
CREATE TABLE IF NOT EXISTS `rozetka`.`Order` (
  `id` INT NOT NULL AUTO_INCREMENT,
  `date` DATETIME NOT NULL,
  `details` MEDIUMTEXT NULL,
  `status_code` INT NOT NULL,
  `User_id` INT NOT NULL,
  `Payment_id` INT NOT NULL,
  PRIMARY KEY (`id`),
  INDEX `fk_Order_Order_status_idx` (`status_code` ASC) VISIBLE,
  INDEX `fk_Order_User_idx` (`User_id` ASC) VISIBLE,
  INDEX `fk_Order_Payment1_idx` (`Payment_id` ASC) VISIBLE,
  CONSTRAINT `fk_Order_Order_status`
    FOREIGN KEY (`status_code`)
    REFERENCES `rozetka`.`Order_status` (`id`)
    ON DELETE NO ACTION
    ON UPDATE NO ACTION,
  CONSTRAINT `fk_Order_User1`
    FOREIGN KEY (`User_id`)
    REFERENCES `rozetka`.`User` (`id`)
    ON DELETE NO ACTION
    ON UPDATE NO ACTION,
  CONSTRAINT `fk_Order_Payment1`
    FOREIGN KEY (`Payment_id`)
    REFERENCES `rozetka`.`Payment` (`id`)
    ON DELETE NO ACTION
    ON UPDATE NO ACTION)
ENGINE = InnoDB;

insert into `Order` values(1,'2019-03-22 21:21:21.210',null,2,1,2),
(2,'2019-09-03 19:18:34.130',null,3,1,1),
(3,'2019-09-04 12:21:34.007',null,6,1,1),
(4,'2019-10-22 14:21:13.370',null,5,4,3),
(5,'2019-10-15 22:48:14.390',null,6,2,4),
(6,'2019-10-16 13:21:34.130',null,6,2,4),
(7,'2019-10-17 07:42:14.130',null,6,2,4);

-- -----------------------------------------------------
-- Table `rozetka`.`Delivery`
-- -----------------------------------------------------
CREATE TABLE IF NOT EXISTS `rozetka`.`Delivery` (
  `id` INT NOT NULL,
  `date` DATE NOT NULL,
  `time` TIME NOT NULL,
  `price` DECIMAL(10,2) NOT NULL,
  `details` VARCHAR(45) NULL,
  `Order_id` INT NOT NULL,
  PRIMARY KEY (`id`),
  INDEX `fk_Delivery_Order1_idx` (`Order_id` ASC) VISIBLE,
  CONSTRAINT `fk_Delivery_Order1`
    FOREIGN KEY (`Order_id`)
    REFERENCES `rozetka`.`Order` (`id`)
    ON DELETE NO ACTION
    ON UPDATE NO ACTION)
ENGINE = InnoDB;

insert into Delivery values(1,'2019-09-04',"19:21:34",10,null,3),
(2,'2019-10-16',"22:48:14.390",10,null,5),
(3,'2019-10-17',"13:00:14.105",10,null,6),
(4,'2019-10-18',"15:23:15.130",10,null,7);


-- -----------------------------------------------------
-- Table `rozetka`.`Product_has_Storage`
-- -----------------------------------------------------
CREATE TABLE IF NOT EXISTS `rozetka`.`Product_has_Storage` (
  `id` INT NOT NULL,
  `Product_id` INT NOT NULL,
  `Storage_id` INT NOT NULL,
  `count` INT NOT NULL,
  PRIMARY KEY (`id`),
  INDEX `fk_Product_has_Storage_Storage1_idx` (`Storage_id` ASC) VISIBLE,
  INDEX `fk_Product_has_Storage_Product1_idx` (`Product_id` ASC) VISIBLE,
  CONSTRAINT `fk_Product_has_Storage_Product1`
    FOREIGN KEY (`Product_id`)
    REFERENCES `rozetka`.`Product` (`id`)
    ON DELETE NO ACTION
    ON UPDATE NO ACTION,
  CONSTRAINT `fk_Product_has_Storage_Storage1`
    FOREIGN KEY (`Storage_id`)
    REFERENCES `rozetka`.`Storage` (`id`)
    ON DELETE NO ACTION
    ON UPDATE NO ACTION)
ENGINE = InnoDB;

insert into Product_has_Storage values(1,1,1,1000),
(2,1,2,10000),
(3,1,3,10001),
(4,2,3,5700),
(5,2,2,15000),
(6,2,1,21000),
(7,3,5,3000),
(8,3,2,4000),
(9,4,3,4500),
(10,5,6,1600),
(11,6,1,31000),
(12,7,2,230),
(13,8,3,15),
(14,9,4,753);

-- -----------------------------------------------------
-- Table `rozetka`.`Product_has_Order`
-- -----------------------------------------------------
CREATE TABLE IF NOT EXISTS `rozetka`.`Product_has_Order` (
  `id` INT NOT NULL,
  `Product_id` INT NOT NULL,
  `Order_id` INT NOT NULL,
  PRIMARY KEY (`id`),
  INDEX `fk_Product_has_Order_Order1_idx` (`Order_id` ASC) VISIBLE,
  INDEX `fk_Product_has_Order_Product1_idx` (`Product_id` ASC) VISIBLE,
  CONSTRAINT `fk_Product_has_Order_Product1`
    FOREIGN KEY (`Product_id`)
    REFERENCES `rozetka`.`Product` (`id`)
    ON DELETE NO ACTION
    ON UPDATE NO ACTION,
  CONSTRAINT `fk_Product_has_Order_Order1`
    FOREIGN KEY (`Order_id`)
    REFERENCES `rozetka`.`Order` (`id`)
    ON DELETE NO ACTION
    ON UPDATE NO ACTION)
ENGINE = InnoDB;


insert into Product_has_Order values(1,1,1),
(2,2,1),
(3,6,1),
(4,4,2),
(5,4,3),
(6,5,4),
(7,7,5),
(8,2,5),
(9,3,6),
(10,9,7);

SET SQL_MODE=@OLD_SQL_MODE;
SET FOREIGN_KEY_CHECKS=@OLD_FOREIGN_KEY_CHECKS;
SET UNIQUE_CHECKS=@OLD_UNIQUE_CHECKS;
